FeO Abundance vs Plagioclase Abundance A Craters highlands,-0.993418729906247,0.986880772928541
Plagioclase Abundance vs FeO Abundance A Craters highlands,-0.993418729906247,0.986880772928541
FeO Abundance vs Plagioclase Abundance A Craters both,-0.993418729906247,0.986880772928541
Plagioclase Abundance vs FeO Abundance A Craters both,-0.993418729906247,0.986880772928541
Clinopyroxene Abundance vs Plagioclase Abundance A Craters highlands,-0.983170493823264,0.96662421992468
Plagioclase Abundance vs Clinopyroxene Abundance A Craters highlands,-0.983170493823264,0.96662421992468
Clinopyroxene Abundance vs Plagioclase Abundance A Craters both,-0.983170493823264,0.96662421992468
Plagioclase Abundance vs Clinopyroxene Abundance A Craters both,-0.983170493823264,0.96662421992468
Clinopyroxene Abundance vs FeO Abundance A Craters highlands,0.98304157491044,0.966370738002398
FeO Abundance vs Clinopyroxene Abundance A Craters highlands,0.98304157491044,0.966370738002398
Clinopyroxene Abundance vs FeO Abundance A Craters both,0.98304157491044,0.966370738002398
FeO Abundance vs Clinopyroxene Abundance A Craters both,0.98304157491044,0.966370738002398
TerrainHeight vs Iron Abundance A Craters highlands,-0.982863322247087,0.966020310218581
Iron Abundance vs TerrainHeight A Craters highlands,-0.982863322247087,0.966020310218581
TerrainHeight vs Iron Abundance A Craters both,-0.982863322247087,0.966020310218581
Iron Abundance vs TerrainHeight A Craters both,-0.982863322247087,0.966020310218581
FeO Abundance vs Plagioclase Abundance C Craters both,-0.978456937958271,0.957377979438675
Plagioclase Abundance vs FeO Abundance C Craters both,-0.978456937958271,0.957377979438675
FeO Abundance vs Plagioclase Abundance All Craters maria,-0.971869837231301,0.944530980519995
Plagioclase Abundance vs FeO Abundance All Craters maria,-0.971869837231301,0.944530980519995
FeO Abundance vs Plagioclase Abundance D Craters maria,-0.970380944529745,0.94163917750644
Plagioclase Abundance vs FeO Abundance D Craters maria,-0.970380944529745,0.94163917750644
FeO Abundance vs Plagioclase Abundance C Craters maria,-0.96969405407815,0.940306558514518
Plagioclase Abundance vs FeO Abundance C Craters maria,-0.96969405407815,0.940306558514518
Clinopyroxene Abundance vs Longitude A Craters highlands,0.96894188257833,0.938848371814438
Clinopyroxene Abundance vs Longitude A Craters both,0.96894188257833,0.938848371814438
Iron Abundance vs Longitude D Craters maria,-0.968190172680762,0.937392210475603
Titanium Abundance vs Longitude C Craters maria,-0.957621534232268,0.917039002825363
Clinopyroxene Abundance vs Plagioclase Abundance D Craters highlands,-0.956739089971049,0.91534968627863
Plagioclase Abundance vs Clinopyroxene Abundance D Craters highlands,-0.956739089971049,0.91534968627863
FeO Abundance vs Longitude A Craters highlands,0.956202801061591,0.914323796758032
FeO Abundance vs Longitude A Craters both,0.956202801061591,0.914323796758032
Clinopyroxene Abundance vs Plagioclase Abundance All Craters highlands,-0.953051755756887,0.908307649151285
Plagioclase Abundance vs Clinopyroxene Abundance All Craters highlands,-0.953051755756887,0.908307649151285
FeO Abundance vs Plagioclase Abundance C Craters highlands,-0.947911791381941,0.89853676424092
Plagioclase Abundance vs FeO Abundance C Craters highlands,-0.947911791381941,0.89853676424092
Plagioclase Abundance vs Longitude A Craters highlands,-0.942031929203203,0.887424155638308
Plagioclase Abundance vs Longitude A Craters both,-0.942031929203203,0.887424155638308
Iron Abundance vs Longitude D Craters both,-0.934624710442735,0.873523349370167
Iron Abundance vs Titanium Abundance D Craters both,0.927963335226318,0.861115951524351
Titanium Abundance vs Iron Abundance D Craters both,0.927963335226318,0.861115951524351
Titanium Abundance vs Longitude D Craters maria,-0.91613100620682,0.839296020533521
Clinopyroxene Abundance vs Plagioclase Abundance C Craters both,-0.915710796147158,0.838526262180462
Plagioclase Abundance vs Clinopyroxene Abundance C Craters both,-0.915710796147158,0.838526262180462
Titanium Abundance vs Longitude D Craters both,-0.909811172476991,0.827756369563958
Clinopyroxene Abundance vs Plagioclase Abundance C Craters highlands,-0.900647084512057,0.811165170840069
Plagioclase Abundance vs Clinopyroxene Abundance C Craters highlands,-0.900647084512057,0.811165170840069
Clinopyroxene Abundance vs Plagioclase Abundance All Craters both,-0.894076998600318,0.799373679426154
Plagioclase Abundance vs Clinopyroxene Abundance All Craters both,-0.894076998600318,0.799373679426154
Olivine Abundance vs Longitude A Craters highlands,0.891725040507827,0.795173547868685
Olivine Abundance vs Longitude A Craters both,0.891725040507827,0.795173547868685
Orthopyroxene Abundance vs Plagioclase Abundance C Craters both,-0.888430700733881,0.789309110006494
Plagioclase Abundance vs Orthopyroxene Abundance C Craters both,-0.888430700733881,0.789309110006494
FeO Abundance vs Latitude D Craters maria,0.882988682233031,0.779669012951624
Iron Abundance vs Titanium Abundance D Craters maria,0.881118184096967,0.776369254346336
Titanium Abundance vs Iron Abundance D Craters maria,0.881118184096967,0.776369254346336
Iron Abundance vs Latitude D Craters maria,0.880909143150135,0.776000918485504
Iron Abundance vs Plagioclase Abundance D Craters maria,-0.880810296254797,0.775826777988462
Plagioclase Abundance vs Iron Abundance D Craters maria,-0.880810296254797,0.775826777988462
Clinopyroxene Abundance vs FeO Abundance C Craters both,0.876867874899813,0.768897270031315
FeO Abundance vs Clinopyroxene Abundance C Craters both,0.876867874899813,0.768897270031315
FeO Abundance vs Orthopyroxene Abundance C Craters both,0.875002161737018,0.765628783044455
Orthopyroxene Abundance vs FeO Abundance C Craters both,0.875002161737018,0.765628783044455
Plagioclase Abundance vs Latitude D Craters maria,-0.865381835448323,0.748885721123908
Clinopyroxene Abundance vs FeO Abundance C Craters highlands,0.86268002827148,0.744216831178481
FeO Abundance vs Clinopyroxene Abundance C Craters highlands,0.86268002827148,0.744216831178481
Clinopyroxene Abundance vs Plagioclase Abundance D Craters both,-0.84103142509233,0.707333857992836
Plagioclase Abundance vs Clinopyroxene Abundance D Craters both,-0.84103142509233,0.707333857992836
FeO Abundance vs Iron Abundance D Craters maria,0.840446866591422,0.70635093556334
Iron Abundance vs FeO Abundance D Craters maria,0.840446866591422,0.70635093556334
Plagioclase Abundance vs Longitude D Craters maria,0.835328418325769,0.697773566462631
Iron Abundance vs Titanium Abundance C Craters maria,0.834048520539366,0.695636934613906
Titanium Abundance vs Iron Abundance C Craters maria,0.834048520539366,0.695636934613906
Iron Abundance vs Latitude A Craters highlands,-0.829239492218524,0.687638135454836
Iron Abundance vs Latitude A Craters both,-0.829239492218524,0.687638135454836
FeO Abundance vs Olivine Abundance A Craters highlands,0.829017858025589,0.687270608925335
Olivine Abundance vs FeO Abundance A Craters highlands,0.829017858025589,0.687270608925335
FeO Abundance vs Olivine Abundance A Craters both,0.829017858025589,0.687270608925335
Olivine Abundance vs FeO Abundance A Craters both,0.829017858025589,0.687270608925335
FeO Abundance vs Iron Abundance C Craters both,0.82787022639498,0.685369111751276
Iron Abundance vs FeO Abundance C Craters both,0.82787022639498,0.685369111751276
Plagioclase Abundance vs Titanium Abundance D Craters maria,-0.827810913484605,0.685270908484217
Titanium Abundance vs Plagioclase Abundance D Craters maria,-0.827810913484605,0.685270908484217
Iron Abundance vs Plagioclase Abundance C Craters both,-0.826622595295405,0.683304915052911
Plagioclase Abundance vs Iron Abundance C Craters both,-0.826622595295405,0.683304915052911
Clinopyroxene Abundance vs Olivine Abundance A Craters highlands,0.826163890548713,0.682546774046585
Olivine Abundance vs Clinopyroxene Abundance A Craters highlands,0.826163890548713,0.682546774046585
Clinopyroxene Abundance vs Olivine Abundance A Craters both,0.826163890548713,0.682546774046585
Olivine Abundance vs Clinopyroxene Abundance A Craters both,0.826163890548713,0.682546774046585
Iron Abundance vs Orthopyroxene Abundance C Craters both,0.822155191483498,0.675939158883268
Orthopyroxene Abundance vs Iron Abundance C Craters both,0.822155191483498,0.675939158883268
Orthopyroxene Abundance vs Plagioclase Abundance All Craters both,-0.797602888218679,0.636170367294778
Plagioclase Abundance vs Orthopyroxene Abundance All Craters both,-0.797602888218679,0.636170367294778
Olivine Abundance vs Plagioclase Abundance A Craters highlands,-0.797159883856446,0.635463880430022
Plagioclase Abundance vs Olivine Abundance A Craters highlands,-0.797159883856446,0.635463880430022
Olivine Abundance vs Plagioclase Abundance A Craters both,-0.797159883856446,0.635463880430022
Plagioclase Abundance vs Olivine Abundance A Craters both,-0.797159883856446,0.635463880430022
FeO Abundance vs Titanium Abundance D Craters maria,0.790131964648487,0.624308521559277
Titanium Abundance vs FeO Abundance D Craters maria,0.790131964648487,0.624308521559277
Iron Abundance vs Orthopyroxene Abundance All Craters both,0.788459248537614,0.621667986604498
Orthopyroxene Abundance vs Iron Abundance All Craters both,0.788459248537614,0.621667986604498
Iron Abundance vs Orthopyroxene Abundance D Craters both,0.775639265991084,0.601616270947187
Orthopyroxene Abundance vs Iron Abundance D Craters both,0.775639265991084,0.601616270947187
FeO Abundance vs Longitude D Craters maria,-0.77449284403179,0.599839165456451
Iron Abundance vs Titanium Abundance All Craters maria,0.768715515266007,0.590923543410683
Titanium Abundance vs Iron Abundance All Craters maria,0.768715515266007,0.590923543410683
TerrainHeight vs Latitude A Craters highlands,0.768076797555466,0.58994196694306
TerrainHeight vs Latitude A Craters both,0.768076797555466,0.58994196694306
Titanium Abundance vs Longitude All Craters maria,-0.766986978658088,0.588269025431063
FeO Abundance vs Orthopyroxene Abundance C Craters maria,0.766387325565318,0.587349532787161
Orthopyroxene Abundance vs FeO Abundance C Craters maria,0.766387325565318,0.587349532787161
Orthopyroxene Abundance vs Plagioclase Abundance C Craters maria,-0.758960361132517,0.5760208297704
Plagioclase Abundance vs Orthopyroxene Abundance C Craters maria,-0.758960361132517,0.5760208297704
Orthopyroxene Abundance vs Latitude C Craters highlands,-0.754637245320107,0.569477372024319
Iron Abundance vs Longitude C Craters maria,-0.743740156183106,0.553149419919272
Orthopyroxene Abundance vs Plagioclase Abundance A Craters highlands,-0.731945458664981,0.535744154460289
Plagioclase Abundance vs Orthopyroxene Abundance A Craters highlands,-0.731945458664981,0.535744154460289
Orthopyroxene Abundance vs Plagioclase Abundance A Craters both,-0.731945458664981,0.535744154460289
Plagioclase Abundance vs Orthopyroxene Abundance A Craters both,-0.731945458664981,0.535744154460289
Titanium Abundance vs Latitude D Craters maria,0.728597869966946,0.530854856120371
Orthopyroxene Abundance vs Plagioclase Abundance D Craters both,-0.727817203518685,0.529717881737758
Plagioclase Abundance vs Orthopyroxene Abundance D Craters both,-0.727817203518685,0.529717881737758
Iron Abundance vs Plagioclase Abundance All Craters maria,-0.724994301797407,0.52561673763871
Plagioclase Abundance vs Iron Abundance All Craters maria,-0.724994301797407,0.52561673763871
Plagioclase Abundance vs Latitude All Craters maria,-0.718523549645315,0.516276091394903
Orthopyroxene Abundance vs Plagioclase Abundance C Craters highlands,-0.716606321002089,0.513524619300149
Plagioclase Abundance vs Orthopyroxene Abundance C Craters highlands,-0.716606321002089,0.513524619300149
FeO Abundance vs Latitude All Craters maria,0.714943314101971,0.511143942379109
Clinopyroxene Abundance vs Iron Abundance C Craters both,0.702626843026339,0.493684480541159
Iron Abundance vs Clinopyroxene Abundance C Craters both,0.702626843026339,0.493684480541159
